{
  "name": "RecipeBook",
  "version": "1.0.0",
  "title": "Recipe Book",
  "author": "raiguard",
  "homepage": "https://github.com/raiguard/Factorio-RecipeBook",
  "factorio_version": "0.18",
  "dependencies": ["base >= 0.18.0"],
  "description": "Search for information about recipes, materials, and crafting machines. View detailed recipe data, or pin a summary to your screen for easy reference. See what items or fluids are used for. Browse through the recipes that a certain crafting machine can make.\n\nSimilar to FNEI and What is it Really Used For?."
}